[
  {
    "value": "capaz",
    "synonyms": [
      "capaz"
    ]
  },
  {
    "value": "haces",
    "synonyms": [
      "haces"
    ]
  },
  {
    "value": "Capacidad",
    "synonyms": [
      "Capacidad",
      "Puedes",
      "hacer",
      "trabajas",
      "funcionas",
      "preguntar",
      "preguntas",
      "sabes hacer"
    ]
  },
  {
    "value": "resolver",
    "synonyms": [
      "resolver"
    ]
  },
  {
    "value": "crearon",
    "synonyms": [
      "crearon"
    ]
  },
  {
    "value": "vivir",
    "synonyms": [
      "vivir"
    ]
  }
]