[
  {
    "value": "Critica",
    "synonyms": [
      "Critica",
      "Insulta",
      "Discrimina",
      "Humilla",
      "Hace menos",
      "Ofende"
    ]
  },
  {
    "value": "Chairo",
    "synonyms": [
      "Chairo"
    ]
  },
  {
    "value": "chairos",
    "synonyms": [
      "chairos"
    ]
  },
  {
    "value": "en contra",
    "synonyms": [
      "en contra"
    ]
  },
  {
    "value": "pronunció en contra",
    "synonyms": [
      "pronunció en contra"
    ]
  },
  {
    "value": "odia",
    "synonyms": [
      "odia"
    ]
  },
  {
    "value": "Insultos",
    "synonyms": [
      "Insultos"
    ]
  },
  {
    "value": "Ofensas",
    "synonyms": [
      "Ofensas"
    ]
  },
  {
    "value": "contra",
    "synonyms": [
      "contra"
    ]
  }
]