[
  {
    "value": "Diego Fernandez",
    "synonyms": [
      "Diego Fernandéz",
      "Diego Fernández de Ceballos",
      "Diego Fernandéz de Cevallos",
      "Cervantes de Cevallos",
      "El jefe",
      "Abogado",
      "senador de la República",
      "Fernandez",
      "Fernades",
      "de Cevallos",
      "de Ceballos",
      "de Seballos",
      "de Sevallos"
    ]
  },
  {
    "value": "Diego Fernández de Cevallos",
    "synonyms": [
      "Diego Fernández de Cevallos"
    ]
  },
  {
    "value": "Diego Fernandez",
    "synonyms": [
      "Diego Fernandez"
    ]
  },
  {
    "value": "Cevallos",
    "synonyms": [
      "Cevallos"
    ]
  }
]