[
  {
    "value": "actual",
    "synonyms": [
      "actual"
    ]
  },
  {
    "value": "sucediendo",
    "synonyms": [
      "sucediendo"
    ]
  },
  {
    "value": "pasando",
    "synonyms": [
      "pasando"
    ]
  },
  {
    "value": "ultima noticia",
    "synonyms": [
      "ultima noticia"
    ]
  },
  {
    "value": "Noticia Actual",
    "synonyms": [
      "Noticia Actual"
    ]
  },
  {
    "value": "Noticia",
    "synonyms": [
      "Noticia"
    ]
  },
  {
    "value": "Acutalidad",
    "synonyms": [
      "Acutalidad"
    ]
  },
  {
    "value": "Noticias",
    "synonyms": [
      "Noticias",
      "Novedades",
      "Actualidad",
      "Estado",
      "News"
    ]
  },
  {
    "value": "actualmente",
    "synonyms": [
      "actualmente"
    ]
  },
  {
    "value": "Ultimas noticias",
    "synonyms": [
      "Ultimas noticias"
    ]
  },
  {
    "value": "pasa",
    "synonyms": [
      "pasa"
    ]
  }
]