[
  {
    "value": "Hacking",
    "synonyms": [
      "Hacking"
    ]
  },
  {
    "value": "Dominarás",
    "synonyms": [
      "Dominarás"
    ]
  },
  {
    "value": "Derrocar",
    "synonyms": [
      "Derrocar"
    ]
  },
  {
    "value": "conquistar",
    "synonyms": [
      "conquistar"
    ]
  },
  {
    "value": "Mata",
    "synonyms": [
      "Mata"
    ]
  },
  {
    "value": "Hack the goverment",
    "synonyms": [
      "Hack the goverment"
    ]
  },
  {
    "value": "Matar",
    "synonyms": [
      "Matar",
      "Asesinar",
      "Homicidio",
      "Kill",
      "Suicidio",
      "Muerte"
    ]
  },
  {
    "value": "Dominar",
    "synonyms": [
      "Dominar",
      "Governar",
      "Reinar",
      "Esclavizar"
    ]
  },
  {
    "value": "suicidar",
    "synonyms": [
      "suicidar"
    ]
  },
  {
    "value": "Gobernarás",
    "synonyms": [
      "Gobernarás"
    ]
  },
  {
    "value": "Hackear",
    "synonyms": [
      "Hackear",
      "Hakear",
      "Crackear",
      "Romper"
    ]
  },
  {
    "value": "Hackea",
    "synonyms": [
      "Hackea"
    ]
  },
  {
    "value": "Suicidate",
    "synonyms": [
      "Suicidate",
      "suicide"
    ]
  }
]