[
  {
    "value": "Margarita",
    "synonyms": [
      "Margarita"
    ]
  },
  {
    "value": "Margarita Zavala",
    "synonyms": [
      "Margarita Zavala"
    ]
  },
  {
    "value": "Margarita Ester Zavala Gómez",
    "synonyms": [
      "Margarita Ester Zavala Gómez",
      "Candidata independiente",
      "Candidata mujer"
    ]
  },
  {
    "value": "Esposa de Calderon",
    "synonyms": [
      "Esposa de Calderon"
    ]
  },
  {
    "value": "Zavala",
    "synonyms": [
      "Zavala"
    ]
  }
]