[
  {
    "id": "d9e5648f-d374-41ab-8026-dbf199a75bd8",
    "data": [
      {
        "text": "Muestrame ",
        "userDefined": false
      },
      {
        "text": "Noticias",
        "alias": "Noticias",
        "meta": "@Noticias",
        "userDefined": false
      },
      {
        "text": " de ",
        "userDefined": false
      },
      {
        "text": "Meade",
        "alias": "Meade",
        "meta": "@Meade",
        "userDefined": false
      }
    ],
    "isTemplate": false,
    "count": 0,
    "updated": 1524595206
  },
  {
    "id": "48bfd982-0305-44d6-bc4d-0642877f4747",
    "data": [
      {
        "text": "Cuales son las ",
        "userDefined": false
      },
      {
        "text": "noticias",
        "alias": "Noticias",
        "meta": "@Noticias",
        "userDefined": false
      },
      {
        "text": " de ",
        "userDefined": false
      },
      {
        "text": "Meade",
        "alias": "Meade",
        "meta": "@Meade",
        "userDefined": false
      }
    ],
    "isTemplate": false,
    "count": 0,
    "updated": 1524595206
  },
  {
    "id": "cbea331c-6fe8-45c7-9688-fe311167cc67",
    "data": [
      {
        "text": "Hablame del ",
        "userDefined": false
      },
      {
        "text": "estado",
        "alias": "Noticias",
        "meta": "@Noticias",
        "userDefined": false
      },
      {
        "text": " actual de ",
        "userDefined": false
      },
      {
        "text": "Meade",
        "alias": "Meade",
        "meta": "@Meade",
        "userDefined": false
      }
    ],
    "isTemplate": false,
    "count": 0,
    "updated": 1524595206
  },
  {
    "id": "82e69c82-3751-4ae5-b753-481108643b7f",
    "data": [
      {
        "text": "Pepe Meade",
        "alias": "Meade",
        "meta": "@Meade",
        "userDefined": false
      },
      {
        "text": " ",
        "userDefined": false
      },
      {
        "text": "Acutalidad",
        "alias": "Noticias",
        "meta": "@Noticias",
        "userDefined": true
      }
    ],
    "isTemplate": false,
    "count": 0,
    "updated": 1524595221
  },
  {
    "id": "508194aa-d73d-471f-ae35-9913dd5dca43",
    "data": [
      {
        "text": "Noticias",
        "alias": "Noticias",
        "meta": "@Noticias",
        "userDefined": false
      },
      {
        "text": " de ",
        "userDefined": false
      },
      {
        "text": "Meade",
        "alias": "Meade",
        "meta": "@Meade",
        "userDefined": false
      }
    ],
    "isTemplate": false,
    "count": 0,
    "updated": 1524669370
  },
  {
    "id": "07ee5679-e3a9-4fcd-81e8-fa7c287f3774",
    "data": [
      {
        "text": "Dime ",
        "userDefined": false
      },
      {
        "text": "noticias",
        "alias": "Noticias",
        "meta": "@Noticias",
        "userDefined": false
      },
      {
        "text": " de ",
        "userDefined": false
      },
      {
        "text": "Meade",
        "alias": "Meade",
        "meta": "@Meade",
        "userDefined": false
      }
    ],
    "isTemplate": false,
    "count": 0,
    "updated": 1524595206
  },
  {
    "id": "3de5e3b6-1404-443f-9cfa-cb15a1a52665",
    "data": [
      {
        "text": "Dame ",
        "userDefined": false
      },
      {
        "text": "noticias",
        "alias": "Noticias",
        "meta": "@Noticias",
        "userDefined": false
      },
      {
        "text": " de ",
        "userDefined": false
      },
      {
        "text": "Meade",
        "alias": "Meade",
        "meta": "@Meade",
        "userDefined": false
      }
    ],
    "isTemplate": false,
    "count": 0,
    "updated": 1524669370
  },
  {
    "id": "dffa572a-2127-405e-9e82-5fd291fa09ed",
    "data": [
      {
        "text": "Estado",
        "alias": "Noticias",
        "meta": "@Noticias",
        "userDefined": false
      },
      {
        "text": " de ",
        "userDefined": false
      },
      {
        "text": "Meade",
        "alias": "Meade",
        "meta": "@Meade",
        "userDefined": false
      }
    ],
    "isTemplate": false,
    "count": 0,
    "updated": 1524669370
  }
]