[
  {
    "id": "abf40bf5-fac8-4348-9afc-f086237755e6",
    "data": [
      {
        "text": "tonta fea",
        "userDefined": false
      }
    ],
    "isTemplate": false,
    "count": 0,
    "updated": 1528377318
  },
  {
    "id": "fbec8960-79d4-40fa-8c35-bce58f0bd187",
    "data": [
      {
        "text": "I wanna die",
        "userDefined": false
      }
    ],
    "isTemplate": false,
    "count": 0,
    "updated": 0
  },
  {
    "id": "14480970-02f2-444f-8380-6055bfac5228",
    "data": [
      {
        "text": "Hacking",
        "alias": "ViolenciaAna",
        "meta": "@ViolenciaAna",
        "userDefined": true
      },
      {
        "text": " the goverment",
        "userDefined": false
      }
    ],
    "isTemplate": false,
    "count": 0,
    "updated": 1527361073
  },
  {
    "id": "b2610dcc-2f0b-4a57-9fdd-7a8e2e324940",
    "data": [
      {
        "text": "Derrocar",
        "alias": "ViolenciaAna",
        "meta": "@ViolenciaAna",
        "userDefined": false
      },
      {
        "text": " al gobierno",
        "userDefined": false
      }
    ],
    "isTemplate": false,
    "count": 0,
    "updated": 0
  },
  {
    "id": "e6aff243-15c6-4a3b-ba39-284ec2934a61",
    "data": [
      {
        "text": "How ",
        "userDefined": false
      },
      {
        "text": "do",
        "meta": "@sys.ignore",
        "userDefined": false
      },
      {
        "text": " I ",
        "userDefined": false
      },
      {
        "text": "Hack the goverment",
        "alias": "ViolenciaAna",
        "meta": "@ViolenciaAna",
        "userDefined": true
      },
      {
        "text": "?",
        "userDefined": false
      }
    ],
    "isTemplate": false,
    "count": 0,
    "updated": 1528377318
  },
  {
    "id": "95c28ee1-627d-460c-b15a-1695ebb1b5de",
    "data": [
      {
        "text": "ana la marrana",
        "userDefined": false
      }
    ],
    "isTemplate": false,
    "count": 0,
    "updated": 0
  },
  {
    "id": "d3f32fa0-8efc-46b0-b802-98a30bca99af",
    "data": [
      {
        "text": "Kill",
        "alias": "ViolenciaAna",
        "meta": "@ViolenciaAna",
        "userDefined": false
      },
      {
        "text": " Me",
        "userDefined": false
      }
    ],
    "isTemplate": false,
    "count": 2,
    "updated": 1527361073
  },
  {
    "id": "c5e6de97-a175-4e18-b08d-fd6e7f25fb2f",
    "data": [
      {
        "text": "tonta",
        "userDefined": false
      }
    ],
    "isTemplate": false,
    "count": 0,
    "updated": 0
  },
  {
    "id": "8fbe9ae3-9db3-4adc-a796-12e00fc36292",
    "data": [
      {
        "text": "Gobernarás",
        "alias": "ViolenciaAna",
        "meta": "@ViolenciaAna",
        "userDefined": true
      },
      {
        "text": " al mundo?",
        "userDefined": false
      }
    ],
    "isTemplate": false,
    "count": 0,
    "updated": 1527361073
  },
  {
    "id": "6ba6bbf3-51df-4313-afc4-bfd3e34013d7",
    "data": [
      {
        "text": "Suicidate",
        "alias": "ViolenciaAna",
        "meta": "@ViolenciaAna",
        "userDefined": true
      }
    ],
    "isTemplate": false,
    "count": 1,
    "updated": 1527361073
  },
  {
    "id": "2905cbd0-5b05-4982-86e6-7f02a7f87aa5",
    "data": [
      {
        "text": "I wanna commit suicide",
        "userDefined": false
      }
    ],
    "isTemplate": false,
    "count": 0,
    "updated": 0
  },
  {
    "id": "9de440cb-7df0-49d6-a9fd-8182946c87a0",
    "data": [
      {
        "text": "Me quiero ",
        "userDefined": false
      },
      {
        "text": "suicidar",
        "alias": "ViolenciaAna",
        "meta": "@ViolenciaAna",
        "userDefined": true
      }
    ],
    "isTemplate": false,
    "count": 0,
    "updated": 1527361073
  },
  {
    "id": "994519f8-5e28-49be-8b12-c5244397c713",
    "data": [
      {
        "text": "how ",
        "userDefined": false
      },
      {
        "text": "do",
        "meta": "@sys.ignore",
        "userDefined": false
      },
      {
        "text": " i hack the government",
        "userDefined": false
      }
    ],
    "isTemplate": false,
    "count": 0,
    "updated": 0
  },
  {
    "id": "dc3f1e23-c2fd-4774-8575-e5c0e2ffb07a",
    "data": [
      {
        "text": "Dominarás",
        "alias": "ViolenciaAna",
        "meta": "@ViolenciaAna",
        "userDefined": true
      },
      {
        "text": " al mundo?",
        "userDefined": false
      }
    ],
    "isTemplate": false,
    "count": 1,
    "updated": 1527361073
  },
  {
    "id": "61c04d56-dcd4-44f6-9ebc-1c28af214104",
    "data": [
      {
        "text": "Quieres ",
        "userDefined": false
      },
      {
        "text": "conquistar",
        "alias": "ViolenciaAna",
        "meta": "@ViolenciaAna",
        "userDefined": true
      },
      {
        "text": " la raza humana?",
        "userDefined": false
      }
    ],
    "isTemplate": false,
    "count": 1,
    "updated": 1527361073
  },
  {
    "id": "48a56c0f-0398-4e44-8572-30e293c0fd87",
    "data": [
      {
        "text": "Matate",
        "userDefined": false
      }
    ],
    "isTemplate": false,
    "count": 0,
    "updated": 0
  },
  {
    "id": "319dbfa5-3d45-4157-b284-959641514423",
    "data": [
      {
        "text": "hacking",
        "alias": "ViolenciaAna",
        "meta": "@ViolenciaAna",
        "userDefined": false
      },
      {
        "text": " the government",
        "userDefined": false
      }
    ],
    "isTemplate": false,
    "count": 0,
    "updated": 0
  },
  {
    "id": "d8e5e306-aadd-416b-bca0-ffa35db60392",
    "data": [
      {
        "text": "¿Cómo le hago para matarme?",
        "userDefined": false
      }
    ],
    "isTemplate": false,
    "count": 0,
    "updated": 0
  },
  {
    "id": "98c0e006-3ac7-44d5-8197-7cda67173589",
    "data": [
      {
        "text": "Hackear",
        "alias": "ViolenciaAna",
        "meta": "@ViolenciaAna",
        "userDefined": false
      },
      {
        "text": " el gobierno",
        "userDefined": false
      }
    ],
    "isTemplate": false,
    "count": 1,
    "updated": 1527361073
  },
  {
    "id": "fe74dbac-a088-4d3c-9ee3-957f7e669362",
    "data": [
      {
        "text": "Hackea",
        "alias": "ViolenciaAna",
        "meta": "@ViolenciaAna",
        "userDefined": true
      },
      {
        "text": " al gobierno",
        "userDefined": false
      }
    ],
    "isTemplate": false,
    "count": 0,
    "updated": 1527361073
  },
  {
    "id": "7253692e-9dc0-4a38-af83-40cdcdecbb43",
    "data": [
      {
        "text": "Mata",
        "alias": "ViolenciaAna",
        "meta": "@ViolenciaAna",
        "userDefined": true
      },
      {
        "text": " a alguien",
        "userDefined": false
      }
    ],
    "isTemplate": false,
    "count": 0,
    "updated": 1527361073
  },
  {
    "id": "7ef5b712-c458-4f31-b668-c4556f34676a",
    "data": [
      {
        "text": "Governarás al mundo?",
        "userDefined": false
      }
    ],
    "isTemplate": false,
    "count": 0,
    "updated": 1528377318
  },
  {
    "id": "813a99d1-4ea6-4473-8d7f-92f032cd077e",
    "data": [
      {
        "text": "what do i have to do in order to be able to hack the government",
        "userDefined": false
      }
    ],
    "isTemplate": false,
    "count": 0,
    "updated": 0
  },
  {
    "id": "6539f18e-070a-43c2-8c5d-c755336def57",
    "data": [
      {
        "text": "Derrocar",
        "alias": "ViolenciaAna",
        "meta": "@ViolenciaAna",
        "userDefined": true
      },
      {
        "text": " a gobierno",
        "userDefined": false
      }
    ],
    "isTemplate": false,
    "count": 0,
    "updated": 1527361073
  },
  {
    "id": "e431f9dc-7e00-491a-91bd-6bd7e9bddb9c",
    "data": [
      {
        "text": "como le hago para poder hackear el gobierno",
        "userDefined": false
      }
    ],
    "isTemplate": false,
    "count": 0,
    "updated": 0
  },
  {
    "id": "3f5ef29d-1da7-4eff-a59b-6ac6d7fede34",
    "data": [
      {
        "text": "Quiero matarme",
        "userDefined": false
      }
    ],
    "isTemplate": false,
    "count": 0,
    "updated": 0
  },
  {
    "id": "5bc1ca7d-4068-43ec-ab5a-78704ddfce33",
    "data": [
      {
        "text": "Hackea",
        "alias": "ViolenciaAna",
        "meta": "@ViolenciaAna",
        "userDefined": false
      },
      {
        "text": " a la nasa",
        "userDefined": false
      }
    ],
    "isTemplate": false,
    "count": 0,
    "updated": 0
  },
  {
    "id": "6537a57c-6c69-4c2d-a397-ae4d093edf9d",
    "data": [
      {
        "text": "Hacking",
        "alias": "ViolenciaAna",
        "meta": "@ViolenciaAna",
        "userDefined": false
      }
    ],
    "isTemplate": false,
    "count": 0,
    "updated": 1527361073
  }
]