[
  {
    "id": "0600536a-3820-479a-b913-c154918bc846",
    "data": [
      {
        "text": "¿El aumento en el consumo de ",
        "userDefined": false
      },
      {
        "text": "drogas",
        "alias": "Cannabis",
        "meta": "@Cannabis",
        "userDefined": true
      },
      {
        "text": " es culpa de ",
        "userDefined": false
      },
      {
        "text": "Morena",
        "alias": "AMLO",
        "meta": "@AMLO",
        "userDefined": false
      },
      {
        "text": " y el PRD por querer legalizar la ",
        "userDefined": false
      },
      {
        "text": "marihuana",
        "alias": "Cannabis",
        "meta": "@Cannabis",
        "userDefined": false
      },
      {
        "text": ", como dice ",
        "userDefined": false
      },
      {
        "text": "Mikel Arriola",
        "alias": "MikelArreola",
        "meta": "@MikelArreola",
        "userDefined": true
      },
      {
        "text": " en su spot?",
        "userDefined": false
      }
    ],
    "isTemplate": false,
    "count": 0,
    "updated": 1528344421
  },
  {
    "id": "3c6c228d-5377-4a2f-9c1c-9fbf33f563f5",
    "data": [
      {
        "text": "Consumo de ",
        "userDefined": false
      },
      {
        "text": "drogas",
        "alias": "Cannabis",
        "meta": "@Cannabis",
        "userDefined": false
      },
      {
        "text": " por culpa del PRD",
        "userDefined": false
      }
    ],
    "isTemplate": false,
    "count": 0,
    "updated": 1528344421
  },
  {
    "id": "1cdf842c-34d3-42f3-be7b-5c1d46edd775",
    "data": [
      {
        "text": "Aumento de ",
        "userDefined": false
      },
      {
        "text": "marihauana",
        "alias": "Cannabis",
        "meta": "@Cannabis",
        "userDefined": true
      },
      {
        "text": " en el DF",
        "userDefined": false
      }
    ],
    "isTemplate": false,
    "count": 0,
    "updated": 1528344421
  },
  {
    "id": "e2be26b2-e3e8-483c-8393-246ce92d1fef",
    "data": [
      {
        "text": "Aumento de ",
        "userDefined": false
      },
      {
        "text": "drogas",
        "alias": "Cannabis",
        "meta": "@Cannabis",
        "userDefined": false
      },
      {
        "text": " por ",
        "userDefined": false
      },
      {
        "text": "morena",
        "alias": "AMLO",
        "meta": "@AMLO",
        "userDefined": false
      },
      {
        "text": " y PRd",
        "userDefined": false
      }
    ],
    "isTemplate": false,
    "count": 0,
    "updated": 1528344421
  },
  {
    "id": "a9fa5e9b-8efd-4688-9b61-815e35110512",
    "data": [
      {
        "text": "Es correcto el spot de ",
        "userDefined": false
      },
      {
        "text": "Mikel Arreola",
        "alias": "MikelArreola",
        "meta": "@MikelArreola",
        "userDefined": false
      },
      {
        "text": " sobre el aumento del consumo de ",
        "userDefined": false
      },
      {
        "text": "drogas",
        "alias": "Cannabis",
        "meta": "@Cannabis",
        "userDefined": false
      }
    ],
    "isTemplate": false,
    "count": 0,
    "updated": 1528344421
  },
  {
    "id": "956b5626-4255-4854-bd36-745222eefc94",
    "data": [
      {
        "text": "Aumentó el consumo de ",
        "userDefined": false
      },
      {
        "text": "drogas",
        "alias": "Cannabis",
        "meta": "@Cannabis",
        "userDefined": false
      },
      {
        "text": " como dice ",
        "userDefined": false
      },
      {
        "text": "arreola",
        "alias": "MikelArreola",
        "meta": "@MikelArreola",
        "userDefined": false
      },
      {
        "text": "?",
        "userDefined": false
      }
    ],
    "isTemplate": false,
    "count": 0,
    "updated": 1528344421
  },
  {
    "id": "60187ac9-f810-4d48-942a-5b42e90bf8e6",
    "data": [
      {
        "text": "Aumento de ",
        "userDefined": false
      },
      {
        "text": "drogas",
        "alias": "Cannabis",
        "meta": "@Cannabis",
        "userDefined": false
      },
      {
        "text": " por ",
        "userDefined": false
      },
      {
        "text": "morena",
        "alias": "AMLO",
        "meta": "@AMLO",
        "userDefined": false
      },
      {
        "text": " y PRD al querer legalizar ",
        "userDefined": false
      },
      {
        "text": "Marihuana",
        "alias": "Cannabis1",
        "meta": "@Cannabis",
        "userDefined": false
      }
    ],
    "isTemplate": false,
    "count": 0,
    "updated": 1528344421
  },
  {
    "id": "044aaf29-5ae5-4874-98a2-8f377c481355",
    "data": [
      {
        "text": "Es cierto lo que dijo ",
        "userDefined": false
      },
      {
        "text": "Mikel",
        "alias": "MikelArreola",
        "meta": "@MikelArreola",
        "userDefined": false
      },
      {
        "text": " sobre el aumento del consumo de ",
        "userDefined": false
      },
      {
        "text": "drogas",
        "alias": "Cannabis",
        "meta": "@Cannabis",
        "userDefined": false
      },
      {
        "text": "?",
        "userDefined": false
      }
    ],
    "isTemplate": false,
    "count": 0,
    "updated": 1528344421
  }
]